Client,Flow ID,Source Address,Destination Address,Tx Packets,Rx Packets,Throughput (Mbps),Delay (s),Packet Loss Ratio (%),Transmission Time (s),Energy Consumed (J)
2,1,10.1.3.2,10.1.3.5,1024,970,0.865038,0.410812,5.273438,1.135077,12.789143
3,3,10.1.3.3,10.1.3.5,1024,921,0.821340,0.386989,10.058594,1.107663,12.786524
4,5,10.1.3.4,10.1.3.5,1024,3,0.002675,0.190139,99.707031,0.191318,12.719309
1,6,10.1.3.1,10.1.3.5,1024,3,0.002675,0.186951,99.707031,0.188311,12.718182
