Client,LOW,MODERATE,HIGH
2,12.794934,12.812816,12.828159
8,12.783887,12.792426,12.570367
4,12.783523,12.787784,12.839445
9,12.789254,12.798011,11.623517
7,12.781266,12.792515,11.838184
3,12.793942,12.794208,12.813163
10,12.771094,12.785047,11.623517
5,12.753728,12.771339,12.074661
1,12.804970,12.813683,12.823550
6,12.756051,12.764251,11.919254
